{
    "description": "The design consists of 4x4 a systolic array implementation. It contains the following EIM approximate multiplier, with the following HERLOA approximate adder. It has the support of the following 16 dataflow as input, and supports input weights 3 bits of integer. With a low precision multiplier coefficient of 2 employed in this device.",
    "metrics": {
        "Area": 61713.0,
        "Slack (clk)": 1.2,
        "Total Power": 0.00707
    },
    "code": "`define EIM //APMUL                        // Choose the multiplier type \n`define ROUN_WIDTH 1                // Choose rounding width of the IFMap of Weight. Valid in ROBA multiplier \n`define NIBBLE_WIDTH 4              // Choose nibble width. Important for ASM multiplier. Please ==> use only 4 for now \n`define DW 16                        // Choose IFMAP bitwidth \n`define WW 3                        // Choose Filter weights bitwdith\n`define M 4                         // Choose M dimensions of the systolic array = Number of rows = Number of units in each column \n`define N 4                         // Choose N dimensions of the systolic array = Number of columns = Number of units in each row\n`define MULT_DW 2                   // Choose accurate part of approximate multipliers = Valid in DRUM and DRALM\n`define ADDER_PARAM 16               // Choose Adder approximation parameter = Valid for all approximate adders = inaccurate part \n`define VBL 16\n\n`define HERLOA  //APADDER \n\n\n`ifdef NORMAL_TPU\n    `define ACCURATE_ACCUMULATE\n`endif \n    \n//`define SA_ADDER                    // Choose the accumulator approximation \n\n\n`ifdef MITCHELL\n    `define SHARED_PRE_APPROX\n`elsif ALM_MAA3\n    `define SHARED_PRE_APPROX\n`elsif ALM_SOA\n    `define SHARED_PRE_APPROX\n`elsif ALM_LOA\n    `define SHARED_PRE_APPROX\n`elsif ROBA\n    `define SHARED_PRE_APPROX\n`elsif DRUM_APTPU\n    `define SHARED_PRE_APPROX\n`elsif ALM\n    `define SHARED_PRE_APPROX\n`elsif DRALM\n    `define SHARED_PRE_APPROX\n`elsif ASM\n    `define SHARED_PRE_APPROX\n `endif \n\n\n\n`ifdef ALM_MAA3\n    `define ALM\n`elsif ALM_SOA\n    `define ALM\n`elsif ALM_LOA\n    `define ALM\n `endif     \n",
    "file_name": "4x4_EIM_HERLOA_16_3_2.json",
    "cluster": 0
}